model,path,exists,filesize_bytes,filesize_mb,loaded,params_count,weights_total,weights_zeros,sparsity_fraction,eval_loss,eval_accuracy,flops_total,inference_time_total_s,inference_time_per_sample_ms,params_ratio_vs_teacher,acc_drop_vs_teacher,speedup_vs_teacher,sparsity_vs_teacher,size_ratio_vs_teacher
student,models/CNN/studentModelMnistCNN.h5,True,53992,0.05149078369140625,True,3816,3816,1852,0.48532494758909855,0.2020031362771988,0.9380999803543091,,1.5481019020080566,0.15481019020080566,0.8040455120101138,-0.030000030994415283,0.3063421635831892,0.48511424383857177,0.4954485391278814
teacher,models/CNN/teacherModelMnistCNN.h5,True,108976,0.1039276123046875,True,4746,4746,1,0.00021070375052675939,0.2126726508140564,0.9681000113487244,,0.47424888610839844,0.04742488861083984,1.0,0.0,1.0,0.0,1.0
